1,Curried Green Bean Salad
2,Keema Aloo (Ground Beef and Potatoes)
3,Roti Canai/Paratha (Indian Pancake)
4,Black Chana with Potato
5,Tomato Cucumber Kachumbar
6,Red Split Lentils (Masoor Dal)
7,Coconut Chutney
8,Tamarind Sauce Fish Curry
9,Kashmiri Lamb
10,Chicken Tikka Masala
11,Naan
12,Mulligatawny Soup I
13,Vegetarian Korma
14,Curry Stand Chicken Tikka Masala Sauce
15,Indian Chicken Curry II
16,Chicken Makhani (Indian Butter Chicken)
17,Red Lentil Curry
18,Easy Indian Butter Chicken
19,Spicy Vegan Potato Curry
20,Indian Chicken Curry (Murgh Kari)
21,Carrot Rice
22,Chickpea Curry
23,Slow Cooker Butter Chicken
24,Baingan Bharta (Eggplant Curry)
25,Aloo Phujia
26,Indian Tandoori Chicken
27,Grilled Chicken Thighs Tandoori
28,Indian Style Basmati Rice
29,Chicken Korma II
30,Indian Tomato Chicken
31,Mango Lassi II
32,Absolutely Perfect Palak Paneer
33,Indian Dahl with Spinach
34,Chef John's Chicken Tikka Masala
35,Beef Samosas
36,Keon's Slow Cooker Curry Chicken
37,Easy Masoor Daal
38,Spicy Indian Chicken and Mango Curry
39,Indian Eggplant - Bhurtha
40,Indian Chicken Curry I
41,Indian Shrimp Curry
42,Gobi Aloo (Indian Style Cauliflower with Potatoes)
43,Coconut Tofu Keema
44,Indian Chapati Bread
45,Authentic Chicken Tikka Masala
46,Alicia's Aloo Gobi
47,Kheer (Rice Pudding)
48,Indian Fish Curry
49,Easy Garam Masala
50,Chicken Stew With Coconut Milk
51,Easy Indian Style Okra
52,Makhani Chicken (Indian Butter Chicken)
53,Indian Naan II
54,Indian Saffron Rice
55,Chicken Biryani
56,Spicy Indian Dahl
57,Tim Perry's Soup (Creamy Curry Cauliflower and Broccoli Soup)
58,Navratan Korma
59,Aloo Matar
60,Curried Chicken and Brown Rice Casserole
61,Cucumber Raita
62,Keema (Indian-Style Ground Meat)
63,Indian Style Sheekh Kabab
64,Tandoori Chicken II
65,Kulfi
66,Coconut Curry Chili
67,Keema Aloo (Ground Beef and Potatoes)
68,Indian Relish
69,"Indian-Style Rice with Cashews, Raisins and Turmeric"
70,Authentic and Easy Shrimp Curry
71,Potato Curry
72,Chana Masala (Savory Indian Chick Peas)
73,Easy Chicken Korma
74,Evin's Indian Apricot Chicken
75,Cod Curry
76,Coconut Rice
77,Curried Mango Chicken
78,Vegetarian Chickpea Curry with Turnips
79,Crispy Vegetable Pakoras
80,Murgh Makhani (Indian Butter Chicken)
81,Indian Curried Barley Pilaf
82,Banana Chai Bread
83,Indian Stir-Fried Shrimp in Cream Sauce (Bhagari Jhinga)
84,Easy Chicken Curry
85,Curried Cumin Potatoes
86,Tofu Keema
87,Moong Dal
88,Vegetable Masala
89,Indian Cauliflower
90,Mulligatawny Soup II
91,Delightful Indian Coconut Vegetarian Curry in the Slow Cooker
92,Easy Curried Cauliflower
93,Sherry Chicken Curry
94,Spicy Indian Chicken Curry Yummy
95,Indian Saag
96,Saffron Rice
97,Coconut Curry Fish
98,Delicious Chickpea Curry
99,Easy Slow Cooker Chicken Tikka Masala
100,Cholay (Curried Chickpeas)
101,Indian Peanut Stew
102,Butter Lamb Gravy
103,Authentic Saag Paneer
104,Chole Saag
105,Spicy Indian (Gujarati) Green Beans
106,Paneer
107,Tofu Vindaloo
108,Bombay Chicken and Rice
109,Spicy Sweet Potato Salad
110,Paleo Slow Cooker Pork Loin
111,Raita
112,Wendy's Indian Butter Chicken
113,"Indian Carrots, Peas and Potatoes"
114,Yogurt-Marinated Salmon Fillets (Dahi Machhali Masaledar)
115,Rosy's Palak Paneer
116,Indian Sweet Bread
117,Roomali Roti
118,Indian Vegetable Rice
119,Bengali Chicken Curry with Potatoes
120,Tandoori Fish
121,Channa Masala (Chickpea Curry)
122,Indian Chickpeas
123,Pumpkin Curry with Lentils and Apples
124,Steve's Chicken Korma
125,Roti Bread from India
126,Naan Bread
127,Roasted Curried Chicken with Couscous
128,Curried Cream of Cauliflower Soup
129,Indian-Spiced Roasted Chickpeas
130,Chicken Saag
131,Cauliflower and Tofu Masala
132,Curried Chicken and Rice Salad
133,Maharaja Curry
134,Potatoes Madras
135,Spicy Peach Chutney
136,Kashmiri-Style Kidney Beans with Turnips
137,Chicken Hariyali Tikka
138,Easy Indian-Style Chicken
139,Slow Cooker Chicken Curry with Quinoa
140,Lamb Madras Curry
141,Easy Chickpea Curry
142,Kashmiri Lamb
143,Haldi Ka Doodh (Hot Turmeric Milk)
144,Aloo Gobi Masala (Cauliflower and Potato Curry)
145,Easy Veggie Samosas
146,Cucumber Peanut Salad
147,Vegetable Biryani
148,Garam Masala Seared Salmon with Coconut-Curry Butter
149,Roasted Grapes and Carrots
150,Strawberry Lassi
151,Beef and Spinach Curry
152,Aloo Gobi
153,Apple Chutney
154,Shahi Paneer
155,Basic Curry Sauce
156,Green Chutney
157,Bunjal Chicken
158,Indian Vegetable Bhaji
159,Spicy Lentil Dip
160,Curried Chicken and Potatoes
161,Rajma (Kidney Bean Curry)
162,Sweet and Spicy Curry with Chickpeas
163,Dal Makhani (Indian Lentils)
164,Gulab Jamun
165,"Chicken Biryani, Hyderabadi Style"
166,Slow Cooker Chicken Tikka Masala
167,Cilantro Jalapeno Pesto with Lime
168,Mild Curry Powder
169,Spicy Chicken Curry
170,Red Kidney Beans (Rajma)
171,Samosas
172,Punjabi Chicken in Thick Gravy
173,Chicken Korma
174,Whole Wheat Chapati
175,Aloo Gobi ki Subzi (Potatoes and Cauliflower)
176,Quick Nariyal Burfi (Indian Coconut Fudge)
177,Okra Curry
178,Sweet Tamarind Chutney
179,Pantry Curried Quinoa with Garbanzo Beans and Roasted Peppers
180,Indian Pork Chops
181,Indian Hot Curried Mangos with Tofu
182,Slow Cooker Chai
183,Restaurant Style Mango Lassi
184,"Pineapple, Lime, and Ginger Soup"
185,Jeera Fried Rice
186,Indian Sweet Potato and Lentil Soup
187,Chicken Chicken Curry
188,Simple Spiced Rice
189,Blue Ribbon Curry Chicken
190,Spinach and Cauliflower Bhaji
191,Gujarati Carrot and Peanut Salad
192,Exotic Brinjal (Spicy Eggplant)
193,Indian Barbeque Chicken
194,Indian Spiced Rice
195,Jeera (Cumin) Rice
196,Indian Spiced Rice Treats
197,Mango-Pineapple Chutney
198,Masala-Spiced Roast Chicken
199,Beef Vindaloo
200,Chicken Saagwala
201,Jorge's Indian-Spiced Tomato Lentil Soup
202,Coconut Curried Tofu with Green Beans and Coconut Rice
203,Carrot Recipe
204,Indian Peas And Cauliflower
205,Vegetable Biryani
206,Indian Rice (Pulao)
207,Traditional Chicken Curry
208,Chicken Vindaloo
209,Bangan ka Bhurta (Indian Eggplant)
210,Garam Masala Spice Blend
211,Pav Bhaji
212,Curried Peas
213,Curried Microwaved Chicken
214,Delicious Chana Masala
215,Mini Sweet Potato Samosas
216,Paneer (Home Made)
217,Coconut Curry Cabbage
218,Indian-Style Butter Chicken (Murgh Makhani)
219,Peanut Rice
220,Curried Pork Chops and Cauliflower with Basmati Rice
221,Easy Baked Indian Samosas
222,Maharani Cupcakes
223,Cucumber-Cilantro Raita (Yogurt)
224,Chef John's Tandoori Chicken
225,"Rogan Josh, Lamb Shanks"
226,Best Potatoes Ever!
227,Carrot and Cilantro Soup
228,Chana Masala (Chickpeas and Tomatoes)
229,Lamb (Gosht) Biryani
230,Indian Rice Pilaf
231,Curried Corn
232,Broken Thermostat Curry
233,Four Seasons Chicken Curry
234,Fruited Tofu Curry Salad
235,Quorn™ and Chickpea Curry
236,Chai Tea Latte
237,Curried Lamb
238,Tofu Masala
239,Sweet Lamb Curry
240,Indian Lassi
241,Spiced Eggplant Indian Style
242,Seared Salmon with Indian-Inspired Cream Sauce
243,Masur Dahl
244,Authentic South Indian Biryani
245,Mango Lassi I
246,Masala Chai
247,Quinoa Biryani
248,Bhindi Masala (Spicy Okra Curry)
249,Easy Indian Curried Lamb
250,Cilantro Garlic Chicken
251,Indian-Style Salmon Fry
252,Kedgeree
253,Reshmi Kebab (Silken Kebabs)
254,Spicy Baked Cod Fillets
255,Basic Indian Curry with Paneer
256,Quick and Easy Indian-Style Okra
257,Aloo Gobhi
258,Black Pepper Goat Curry
259,Kale and Spinach Saag
260,Besan (Gram Flour) Halwa
261,Indian Pot Roast
262,Curried Stew with Lamb
263,Tandoori Chicken I
264,Spicy Indian Chicken with Green Masala
265,Masala Beef with Ginger and Curry Leaf
266,Indian Chai Hot Chocolate
267,Turmeric Milk
268,Spiced Naan
269,Indian Salad
270,Fried Curry Chicken
271,Spinach and Buttermilk Soup
272,Bombay Chicken Wings
273,Easy Curry Rice
274,Punjabi Sukha Urad Dal
275,Vendakka Paalu
276,Mango Lassi-Come-Home
277,Ras Malai
278,Naan Bread Margherita Pizza with Prosciutto
279,Paneer Butter Masala
280,Turnip with Coconut
281,Spicy Tomato Chutney
282,Coconut Sevai (Rice Noodles)
283,Cilantro Chutney Chicken
284,Biriyani
285,Spicy Yogurt Dressing
286,Green Pea Poulourie
287,Naan-like Easy Flatbread
288,Curry Sauce
289,Turkey Curry
290,Curried Beef with Winter Vegetables
291,Best Burgers Ever
292,Chicken Curry V
293,Chicken Fry
294,Chai Tea
295,Spicy Swordfish
296,Goan Pork Vindaloo
297,Seitan Makhani (Vegan-Style Indian Butter Chicken)
298,Chicken Navratan Curry (Indian)
299,Lamb Shank Vindaloo
300,Fettuccine Bombay
301,Pixie's Indian Style Halibut
302,Curried Hash Browns
303,Baked Chicken Curry Flavor-Fest
304,Paneer Makhani
305,Indian Sabji Recipe
306,Spicy Dry Fried Curry Chicken
307,Chocolate Chai
308,Mulligatawny Soup III
309,Indian Matar Paneer (Cottage Cheese and Peas)
310,South Indian Chickpea Salad
311,Quick Vegetable Curry
312,Lamb Korma
313,Mango Coconut Sauce
314,Spicy Chicken in Tomato-Coconut Sauce
315,Indian-Inspired Egg Salad
316,Carrot-Bean Sprouts Salad
317,Grilled Indian Chicken
318,Mango-Mint Lassi with Indian Sweet Spices
319,Spicy Shrimp (Chingri Maach)
320,Paneer Jalfrazie
321,Bangaladumpa (Potato) Upma Koora
322,Spicy Tomato Soup
323,Prawns in Cashew Coconut Curry Sauce
324,South Indian Lentil Kootu
325,"East Indian Chicken with Tomato, Peas, and Cilantro"
326,Kebab Massalam
327,Spinach and Tomato Dal (Indian Lentil Soup)
328,Easy Meat Samosas
329,Keerti's Karwari Prawns
330,"Pumpkin, Butter Bean, and Spinach Curry"
331,Lasooni Murgh (Garlic Flavored Spicy Chicken)
332,Sugar-Free Cardamom-Mango Smoothie
333,Dosas (Indian-style Pancakes)
334,Vegetable Koftas
335,Marian's Pumpkin Soup
336,Yogurt Samosas
337,Carrot Soup Indienne I
338,Chaat - Dahi Batata Puri
339,Cauliflower Fritters
340,Sambar
341,Saffron Rice with Raisins and Cashews
342,Prawn Biryani
343,Cilantro Chutney
344,Spicy Banana Curry
345,Moong Dal with Spinach
346,Sooji Upma
347,Kheema Malai Kofta
348,Rose Ice Cream
349,Hot and Spicy Himalayan Tea (Chai Tea)
350,Delicious and Fast Chicken Curry
351,Tandoori Masala Spice Mix
352,Bhuna Gosht
353,Batata Nu Shak (Potato Curry)
354,Masale Aaloo (Spice Potatoes)
355,Easy Mango Lassi
356,Creamy Curried Root Vegetable Soup
357,Akki Rotti
358,Heinz® Butter Chicken
359,"Grilled Lamb Chops with Curry, Apple and Raisin Sauce"
360,Jonagold's Chicken Vindaloo
361,Tandoori Grilled Chicken
362,Okra Fry
363,Elijah's Phulourie
364,Exotic Indian Tangy Rice
365,Alu Baigan
366,Charred Eggplant Raita
367,Mild Curry Omelet
368,Bangalore Cornish Hens
369,Savory Lassi
370,Potato Cutlets
371,Indian Mustard Fish
372,Gobi Masala  (Cauliflower Curry)
373,Curried Chicken with Rice
374,Coconut Chutney
375,Fish in Ginger-Tamarind Sauce
376,Minty Cucumber Raita
377,Sarson Ka Saag (Indian Mustard Greens)
378,Spiced Chickpeas (Chole)
379,The Maharajah's Mulligatawny
380,Palak Paneer (Indian Spinach and Paneer)
381,Layered Chutney Dip
382,Aloo Matar Paneer (Simmered Potatoes with Peas and Paneer)
383,Indian Lentils and Spinach
384,Egg Curry
385,Nitya's Cauliflower
386,Banana Lassi
387,Quick Whole Wheat Chapati
388,Indian-Style Chicken and Onions
389,Chana Masala
390,Easy Carrot Salad (Indian-Style)
391,Frizzled Onions
392,Beet and Yogurt Salad
393,Chickpea Coconut Salad
394,Chicken Chutney Sandwiches with Curry
395,Sweet Corn Subji With Paneer and Cashew Nuts
396,Cabbage Koora
397,Aloo Palak
398,Bengaladumpa Vepudu (Potato Stir-Fry)
399,Indian Style Chicken with Apples
400,Lemon Lentil Rice
401,Indian-Style Grilled Chicken Salad
402,Tandoori Chicken Salad
403,Potatoes in Spicy Peanut and Sesame Paste
404,Faux Bombay Potatoes
405,Mediterranean Yellow Rice and Vegetables
406,Chicken Karhaai
407,Curried Mushroom Hot Pot
408,Grilled Italian Burgers
409,Besan Ladoo
410,Matar Pulao with Nuts
411,Masala Spicy Tea
412,Indian Spiced Onions
413,Easy Indian Tomato Soup (Saar)
414,Tangy Chicken with Pistachios and Fruit
415,"Cabbage, Tomato and Onion Salad"
416,Yummy Curd Rice
417,Chicken Roti From India
418,Yogurt Rice
419,Indian-Style Vegetable Rice
420,Kiwi Raita
421,Hot Coffee Masala
422,Prawn Malai Curry
423,Chicken Salad with Mango Chutney
424,Indian Chicken Rub
425,Indian Curry Potato Fries
426,Tandoori Chicken Skewers
427,Quinoa Pilau
428,Palak Paneer
429,Paneer Tikka Masala
430,Chai Tea Concentrate
431,Easy Masala Hash Browns
432,Biryani with Yogurt Marinated Chicken
433,Red Split Lentils (Masoor Dal)
434,Indian-Influenced Zucchini Onion Pepper Latkes
435,Makhani Daal (Buttery Lentils)
436,Tampa Coconut Cilantro Rice
437,Indian Spiced Chicken
438,Crazy Spicy Chicken
439,Egg and Potato Curry
440,Indian Samosa Pie
441,Cauliflower and Potato Stir-Fry - East Indian Recipe
442,Spicy Potato Noodles (Bataka Sev)
443,Indian Curry Couscous with Broccoli and Edamame
444,Cucumber Carrot Salad (Raita)
445,Besan Laddu
446,Beetroot Aloo Koora
447,Kashmiri Garam Masala
448,Easy Malai Kulfi
449,Tomato Onion Koora
450,Tamarind-Date Chutney
451,Sago Sabudana Khichdi
452,Smoky Eggplant and Yogurt Salad
453,Sweet and Sour Chutney
454,Egg Halwa
455,Lucy's Tomato and Peach Chutney
456,"Mixed Grill of Sausage, Chicken and Lamb With Tandoori Flavorings"
457,Mad's Peach-Curry Soup
458,Keema Matar
459,Potatoes with Fresh Ginger and Chilies
460,Muscat Gosht (Lamb in Spicy Tomato Gravy)
461,Tomato Rasam
462,Broiled Chicken Breasts with Chutney-Lime Glaze and Broccoli Slaw
463,Sweet Lentil Soup with Asparagus Tips
464,Sundal
465,Rasgullas
466,Chettinad-Style Chicken
467,Ada (Adai)
468,Vegetable Shepherd's Pie with Baked Beans
469,Rob's Lamb Curry Pie
470,Garam Masala
471,Curried Green Bean Salad
472,Palak Paneer (Spinach Curry)
473,Indian-Inspired Cauliflower and Potato Casserole
474,Tom's Mulligatawny Soup
475,Zucchini Soup with Curry Spices
476,Egg Bhurji
477,Tamarind Sauce Fish Curry
478,Country Captain Chicken with Rice
479,Vegetarian Splendor Chickpea Curry
480,Spiced Turnips (Shalgam Masala)
481,Indian Butter Chicken (Chicken Makhani)
482,Dal Makhani (Butter Lentils)
483,Spicy Lentil Quinoa Curry
484,Easy Palak Paneer
485,Butternut Squash Coconut Curry
486,Tomato Cucumber Kachumbar
487,Khitchari
488,Cauliflower Rice (Biryani-Style)
489,"Grilled ""Tandoori"" Lamb"
490,Kheema Matar (Beef and Pea Curry)
491,Slow-Cooked Chicken Biryani
492,Creamy Indian Yogurt Soup
493,Indian Chickpeas in Tea
494,Indian-Style Scrambled Eggs
495,Bhel Puri
496,Lamb Meatballs Over Tandoori Naan
497,Cucumber Raita with Mint
498,Tandoori Chicken Burgers
499,Chai Tea Ice Cream
500,Lentil Samosas
501,Curry Vinaigrette Dressing
502,Samosa Pot Pie
503,Indian Style Shrimp Fry
504,Apricot Chutney
505,Kheema Pulao
506,Pesarattu
507,Hara Masala Murgh
508,Khara Pongal
509,Pork Chops with Sweet Tomato Chutney
510,Egg Kulambu
511,Rabri (Barley-Yogurt Drink)
512,Anapakaya Paala Koora
513,Gujarati Kadhi
514,Tomato Bhath (Tomato Rice)
515,Methi Murgh (Fenugreek Chicken)
516,Makhani Murgh (Butter Chicken)
517,Prawns Curry
518,Mixed Vegetable Pulao
519,Minty Mint Chutney
520,Gujarati Shrikhand
521,Potato Chapati Bread
522,Madras Tomato Chutney
523,Carrot Soup Indienne II
524,Capsicum Zunka
525,Awadi Dahi Murg (Chicken in Yogurt Gravy)
526,Eggless Mango Bread
527,Kesari Bhat
528,Vegan Yogurt Sundae
529,Rava Laddu
530,Bean Sprouts Soup
531,Vegetable Pancake
532,Adipoli Parathas
533,Pudina (Mint) Chutney
534,Doodhi Chana
535,Gasagage (Khus Khus) Payasa
536,Besan Laddu
537,Bengali 5-Spice
538,Poori Aloo Koora
539,Vankaya Pulusu Pachadi (Andhra Sweet and Sour Eggplant Stew)
540,Aviyal
541,Mummy's Ginger Soup
542,Pudina (Mint) Pacchadi
543,Machhere Jhol (Bengali Fish Curry)
544,Atta (Whole Wheat) Halwa
545,Cilantro-Mint Raita
546,Indian Stuffed Eggplant
547,Indian Crepes
548,Indian-Style Corn on the Cob in Onion and Yogurt Sauce
549,Curried Scallops with Angel Hair Pasta
550,Eastern-Style Mulligatawny Soup
551,Shyam's Goat Biryani
552,Indian Pizza
553,Aarsi's Tofu Curry
554,Curried Celery
555,Veg Biryani
556,Indian Onion Dipping Sauce
557,Spicy Sesame Potatoes (Til Aloo)
558,Brussels Sprout Pakora
559,Easy Raita with Mint and Cilantro
560,Instant Pot® Indian Butter Chicken
561,Vegetable Biryani (Tehri)
562,Sawine (Vermicelli Kheer)
563,Green Curry with Sweet Potato and Aubergine (Eggplant)
564,Indian Chicken Marinade
565,Shami Kebab
566,Roti Canai/Paratha (Indian Pancake)
567,Vegan Japanese Turnip Curry
568,Indian Broccoli Junka
569,Baked Gulab Jamun (Indian Dumplings in Syrup)
570,Gulab Jamun or Kala Jam (Waffle Balls)
571,Kadai Chicken
572,Chicken Cauliflower Korma
573,Pressure Cooker Goat Curry
574,Easy Authentic Masala Chai
575,Watermelon Chutney
576,Indian Tomato Rice
577,Healthier and Tastier Tikka Masala
578,Indian Corn Pakoda
579,Jackfruit Curry (Kathal Subzi)
580,Spiced Sweet Potato Dahl
581,Ven Pongal
582,Spicy Egg & Minced Lamb Roll
583,Turmeric Golden Milk with Turmeric Paste
584,Serena's Strawberry Lassi
585,Spiced Mango Lassi
586,Goan Prawn Pulao
587,Masala Cabbage Soup
588,Black Chana with Potato
589,Cranberry Thokku
590,Quick and Easy Spinach Rice (Palak Rice)
591,Rajma (Kidney Beans)
592,Curried Potato and Spinach Soup
593,Shami Kabab (Bun Kabab)
594,Mal's Samosa Quesadillas with Curried Cabbage and Chickpeas
595,Fried Chicken Biryani (Filipino-Style)
596,Super Easy Samosa Pie
597,Easy Indian-Style Pumpkin Curry
598,Jeera Rice
599,Mild Curry Turkey
600,Shahi Tukray (Indian Bread Pudding)
601,Cranberry Curry Chicken
602,Paneer (Cottage Cheese)
603,Rhubarb Pineapple Chutney
604,Chocolate Chai Coffee Mix
605,Pork Vindaloo
606,Green Apple and Coconut Chutney
607,Spicy Hot Garlic Chutney
608,Quick Cranberry Chutney
609,Geeta Auntie's Potato (and Vegetable) Bhaji
610,Easy Peasy Pea Salad
611,Sher-a-Punjab Onion Chutney
612,Baked Sweet Potato Vegetable Samosas
613,Real Indian Mango Chutney
614,Sambar - Spicy Indian Curry
615,Classic Chicken Biryani
616,Indian Bread Pudding (Double Ka Meeta)
617,Indian Sweet Tomato Chutney
618,Madras Dhal
619,Kadhai Murgh with Bell Pepper (Capsicum)
620,Ari's Sweet Indian Coconut Curry Chicken
621,Mague's Green Mango Chutney
622,Salty Cumin Lassi
623,Peanut Cilantro Chutney
624,Patholi
625,Nimakayya (Lemon) Pulihora
626,Annam-Kobbari Parvanam (Rice and Coconut Kheer)
627,Nuvvu Podi (Sesame Seed Powder)
628,Hyderabadi Nargisi Kofta
629,Vagharela Bhath
630,Kobbari Annam (Coconut Rice)
631,Dosa Podi with Garlic
632,Milagai Podi
633,Paalu Mithai (Milk Sweet)
634,Malai Kofta (Indian Cheese and Potato Dumplings)
635,"Bell Pepper, Tomato, and Potato Indian Curry"
636,Tomato Raita (Yogurt)
637,Shahi Tukra (Indian Bread Pudding)
638,Shahi Paneer (Royal Cheese)
639,Shahi Tukri (Sweet Fried Bread)
640,Chutney Eggs
641,Cilantro Relish
642,Shahi Tukra (Sweet Bread Dessert)
643,Kobbari Louz
644,Nimakayya Poori Koora
645,Aaku Pappu (Dal with Greens)
646,Menthi Majjiga (Buttermilk with Fenugreek)
647,Shakkara (Sweet) Pongal
648,Ullipaya (Onion) Tomato Chutney
649,Curry Powder
650,Indian-Style Mousse
651,Spiced Moong Beans
652,Curry Dip
653,Mullingi (White Radish) Rasam
654,Curried Mango Chutney Dip
655,East Indian Peach Salad
656,Easy Paneer Tikka
657,Creamy Curry Sauce
658,Rice Pudding - Indian-Style
659,Phaal
660,Easy Chicken Phaal
661,Mushroom Moong Dal Dosas
662,Indian Crisp Rice Pancake (Dosa)
663,Plain Dosai (South Indian Crepes)
664,Parathas
665,Green Herb Pulao
666,Boondi Raita
667,Super Easy Egg Halwa - Anday ka Halwa
668,South Indian Bitter Gourd Roast
669,Crunchy Potato Curry
670,Spicy Fried Shrimp
671,Curried Cauliflower (Indian Style)
672,Kishmish Badam Korma
673,White Hot Chocolate with Cardamom
674,Mutton Varuval (Malaysian Indian-Style Goat Curry)
675,Chicken Mulligatawny Soup
676,Carrot Halwa
677,South Indian-Style Lemon Rice
678,Easy Chicken Madras Recipe
679,Indian Chicken Korma in the Slow Cooker
680,Farro and Lentil Masala
681,Lamb Shoulder Vindaloo
682,Easy Healthy Egg Kulambu
683,Potato Bonda (Spicy Potato Balls)
684,Kachori With Fresh Peas
685,Raisin and Olive Fettuccine
686,Stuffed Okra
687,Vegetarian Keema Matar with Cucumber Raita
688,Culture-Blend Spaghetti
689,South Indian-Style Okra Fritters
690,Hyderabad Dum Biryani
691,Bhindi Subzi (Okra Stir-Fry)
692,Kadai Bhindi (Indian style Okra with Bell Peppers)
693,La-jawab Sabut Bhindi
694,Chili Paneer
695,Vegetable Pulao
696,Slow Cooker Mild Curry Split Black Lentils
697,Kochi Panthar Jhol (Goat Curry)
698,Matar Paneer
699,Goan Fish Curry
700,South Indian Red Amaranth with Onions and Garlic
701,Sweet Curry Pumpkin Seeds
702,Spinach & Green Pea Patties (Hara Bhara Kebabs)
703,Warm Lentil Salad
704,Easy Lentil Dal
705,Coconut Chicken Tikka Masala
706,Butter Chicken Chickpeas
707,3-Step Butter Chicken
708,Vegetarian Butter Chicken Stuffed Peppers with Mint Yogurt
709,Tandoori Roasted Root Vegetable Stew
710,Tikka Masala Skillet Shepherd's Pie
711,Zucchini & Parsnip Moghlai
712,Indian Tuna (or Chicken) Salad
713,Almond Burfi
714,Coconut and Molasses-Filled Rice Dumplings
715,Holige (Flatbread with Sweet Raisin Filling)
716,Curried Short Ribs - Nontraditional Nihari
717,Madras Crab Curry
718,Peanut Chaat
719,Microwave Khandvi
720,Carrot and Ginger Chutney
721,Palak Paneer (Curried Spinach)
722,Spicy Goat Curried Rice Pilaf
723,Tomaten Chutney (Fabulous Tomato Chutney)
724,Spicy Yellow Squash Fig Chutnish
725,Chicken Stew (Kerala-Style)
726,Quick Indian Vegetarian Cottage Cheese Breakfast
727,Garadu (Baked Yams)
728,Punjabi Lamb Korma with Onion Cilantro Salad
729,"Indian-Style ""Chettinad"" Chicken"
730,Brinjal (Eggplant) in Coconut Milk
731,Quick Paneer Makhani
732,Indian Egg Curry
733,Pesaru Pappu (Thick Indian Lentil Dish)
734,Yellow Tarka Dal
735,Paneer Tikka Sandwich
736,Pomfret Macher Jhaal (Pomfret Fish Curry)
737,Mangalore Mutton Curry
738,Pasta Alfredo
739,Pasta Alfredo
740,Pasta House Company Fettuccine Alfredo
741,Aloo Beans
742,Aloo Beans
743,Aloo Beans Subzi
744,Aloo Bhindi Masala
745,Aloo Bhindi Masala
746,Bhindi Masala (Dry)
747,Aloo Methi
748,Aloo Methi
749,Aloo Methi Paratha
750,Aloo Paratha Recipe Dhaba Style
751,Aloo Parathas (Indian Potato Flatbread)
752,Aloo Paratha Recipe Dhaba Style
753,Appam
754,APPAM
755,Appam
756,Perfect Apple Pie
757,Apple Pie
758,Apple Pie
759,Baby Corn Manchurian Recipe | Baby Corn Recipes
760,Bacon Wraps
761,Bacon Wrapped Asparagus
762,Scallops Wrapped in Bacon
763,Homemade Banana Chips
764,Baked Banana Chips
765,Baked Banana Chips
766,Dilled Bean Salad
767,Cilantro Corn and Black Bean Salad
768,Fiesta Bean Salad
769,Oats Bisi Bele Bath
770,Bisi Bele Bath
771,Oats Bisi Bele Bath
772,Black Forest Cake
773,Black Forest Cake
774,Simple Black Forest Layer Cake
775,Blueberry Cheesecake
776,Blueberry Cheesecake
777,Blueberry Cheesecake
778,Miracle Bread
779,Banana Bread
780,Spiced Kumquat Nut Bread with Gold Shimmer
781,Broccoli Soup
782,Quick & Easy 4 Ingredient Broccoli Cheese Soup
783,White Cheddar Cream of Broccoli Soup
784,Burnt Garlic Fried Rice
785,Fried Sticky Rice Balls with Toasted Sesame and Scallions
786,Gold on Gold Curry Fried Rice
787,Butterscotch Cake II
788,Butterscotch Cake
789,Easy Butterscotch Pound Cake
790,Cajun Skillet Pasta
791,Cajun Pasta
792,Cajun Pasta
793,Tortellini Salad
794,Shrimp Ceasar Salad
795,Ceasar Salad with Popcorn Chicken
796,Chakli
797,RICE CHAKLI
798,Murukku / Chakli
799,Sausage Crescent Cheese Balls
800,Chicken Cheese Ball
801,Homemade Cheese ball
802,Triple Cheese Burger
803,Bacon Cheese Venison Burgers
804,Everything Bagel Cheese Burger
805,Cheese Fondue
806,Cheese Fondue
807,Cheese Fondue
808,Skinny Texas Cheese Fries
809,Bacon Cheese Fries
810,Skinny Texas Cheese Fries
811,Best Grilled Cheese Sandwich
812,Breakfast Grilled Cheese Sandwich
813,Beer Battered Grilled Cheese Sandwiches
814,Spinach and Feta Cheese Stuffed Chicken
815,Broccoli and Cheese Stuffed Chicken
816,"Sundried Tomato, Spinach, and Cheese Stuffed Chicken"
817,Chicken Biriyani
818,Chicken Biriyani
819,Chicken Dum Biriyani
820,BBQ Chicken Burgers
821,BBQ Chicken Burgers
822,Buffalo Chicken Burgers
823,"Seriously, The Best Healthy Turkey Chili"
824,"Seriously, The Best Healthy Turkey Chili"
825,BBQ Chicken Chili
826,Chicken Fried Rice
827,Better than Takeout Chicken Fried Rice
828,Thai Chicken Fried Rice with Basil and Lime Leaf
829,Chicken Frittata
830,Chicken And Vegetable Frittata
831,Chicken-Spinach Frittata with Feta & Tomatoes
832,Chicken Alfredo Lasagna Rolls
833,Chicken Lasagne
834,Chicken Alfredo Lasagna
835,Chicken Manchurian
836,Chicken Manchurian
837,Chicken Manchurian
838,Chicken Momo
839,Chicken Momo
840,Chicken Momo
841,Crock Pot Chicken and Noodles
842,Mom's Chicken and Noodles
843,Mongolian Chicken Noodles
844,Lemon Chicken Pasta
845,Bang Bang Chicken Pasta
846,Cream Cheese Chicken Pasta
847,Grilled Buffalo Chicken Pizza
848,BBQ Chicken Pizza
849,Buffalo Chicken Pizza
850,5 Ingredient One Pot Pasta with Chicken Sausage
851,Chicken Sausage Skillet
852,Chicken Sausages With Peppers
853,Chicken Shawarma
854,Chicken Shawarma
855,Chicken Shawarma
856,Easy Crock Pot Creamy Chicken and Rice Soup
857,Detox Chicken Soup
858,Chicken and Lime Soup
859,Avocado and Vietnamese Chicken Springs Rolls
860,Chicken Spring Rolls
861,Chicken Spring Roll
862,Pesto Chicken Tart
863,Pesto Chicken Tart
864,"Chicken, Potato, Brie & Thyme Tart With Caramelised Onions"
865,Chickpea Burgers
866,Chickpeas Zucchini Burger
867,Chickpea Spinach Burgers
868,Chilli Chicken
869,"Seriously, The Best Healthy Turkey Chili"
870,"Seriously, The Best Healthy Turkey Chili"
871,Chilli Paneer
872,Paneer Chilly
873,Chilli Paneer
874,Honey Chilli Potatoes
875,Honey Chilli Potatoes
876,Honey Chilli Potatoes
877,Chipotle White Bean Salad Sandwich
878,9-Layer Fiesta Dip
879,Southwestern Rice Salad Sandwich Filling
880,Molten Chocolate Lava Cake
881,Choco Lava Cake
882,Keto Lava Cake
883,Chocolate Brownie
884,Chocolate Brownie
885,Fudgy Chocolate Brownies
886,Molten Chocolate Cakes
887,Perfect Chocolate Cake
888,Heavenly Chocolate Cake
889,Chocolate Cheesecake
890,White Chocolate Cheesecake
891,Chocolate Cheesecake
892,Chocolate Milkshake
893,Chocolate Mug Milkshake
894,Thick Chocolate Milkshake
895,Bhatura
896,Punjabi Bhatura
897,Punjabi Chole Bhature-Chana Bhatura
898,Chopsuey
899,Chopsuey
900,Chopsuey
901,Vegetable Chowmein
902,Egg Chowmein
903,Cantonese Style Vegetarian Chowmein Recipes
904,"(Channa Dal Sundal, Bengal Gram Salad, Kadalai Paruppu Chundal)"
905,"(Pachai Payaru Chundal, Green Gram Salad, Mung Beans Salad, Moong Dal Sundal)"
906,Coffee Ice Cream
907,Coffee Ice Cream
908,No-Churn Coffee Ice Cream
909,Corn Palak - Curried Corn and Greens
910,Baby Corn Palak
911,Palak Soup
912,Corn Salad
913,Summer Corn Salad
914,Cilantro Corn and Black Bean Salad
915,Cream of Broccoli
916,White Cheddar Cream of Broccoli Soup
917,Gramma's Cream of Broccoli
918,Curried Capsicum Masala
919,Capsicum Masala / Curry
920,Healthy Slow Cooker Chicken Tikka Masala
921,Chaat - Dahi Batata Puri
922,Poori / Puri
923,Dal Bhari Puri
924,Dahi Vada (Dahi Bhalla)
925,Dahi Vada
926,Bread Dahi Vada
927,Dal Khichdi
928,Dal Khichdi
929,Dal Khichdi for Babies
930,Methi Dal
931,Methi Dal
932,Methi Dal
933,Dal Tadka
934,Tadka Dal
935,Dal Tadka
936,Broken Wheat Idly (Daliya Idly)
937,Vegetable Daliya Khichdi
938,Comforting Bulgur Wheat Daliya
939,Easy Dates Ladoo
940,Dates Ladoo | Dates and Dry Fruits Laddu
941,Date and Nut Ladoo
942,Dhokla
943,Khatta Dhokla
944,Khaman Dhokla
945,Snickerdoodle Donuts
946,Baked Pumpkin Donut Holes
947,Easy Homemade Glazed Donuts
948,Dry Chilli Mushroom
949,Creamy Mushrooms
950,One Pot Mushroom Rice
951,Dum Aloo
952,Dum Aloo
953,Dum Aloo
954,Best Egg Rolls
955,Authentic Egg Rolls
956,Egg Rolls
957,Egg Sandwich
958,Peppers & Egg Sandwich
959,Copycat Starbucks Egg Salad Sandwich
960,Falooda
961,Falooda
962,Rose Falooda
963,South Indian Filter Coffee
964,South Indian Filter Coffee
965,Creamy and Powerful Indian Filter Coffee
966,Fish Amritsari
967,Amritsari Fish
968,Amritsari Fried Fish
969,Fish & Chips
970,Fish and Chips
971,Fish and Chips
972,Fish Curry
973,Fish Curry
974,Goan Fish Curry
975,Homemade Fish Fingers
976,Fish Fingers
977,Homemade Fish Fingers
978,Fried Fish Kerala-Style
979,How to make Masala Fish Fry
980,Vanjaram Fish Fry | King Fish Tawa Fry
981,Grilled Fish Steaks
982,Crusted Fish Steaks
983,Fish Steaks Dijon
984,Baked French Fries with Curried Ketchup
985,Homemade French Fries
986,Loaded Garlic French Fries
987,French Toast
988,The Best French Toast
989,Easy Country French Toast
990,Korean Fried Chicken
991,Fried Chicken
992,Mama's Fried Chicken
993,Fried Fish
994,Coconut Fried Fish
995,Crispy Fried Fish
996,Meal-Prep Chicken Burrito Bowls
997,Dragon Fruit Smoothie Bowls
998,Acai Fruit Bowl
999,Fruit Custard
1000,Fruit Custard
1001,Fruit Custard Recipe - Mixed Fruit Custard
1002,Soft Fruit Ice Cream
1003,Fruited Ice Cream
1004,Basic Fruit Ice Cream
1005,Fruit Salad
1006,Rainbow Fruit Salad
1007,Vanilla Fruit Salad
1008,Doodhiya Gajar Matar
1009,"Aloo gajar matar – Dry potatoes, carrots and peas curry"
1010,Gajar Matar (Carrots With Green Peas)
1011,Garlic Bread
1012,Garlic Pull Apart Bread
1013,Cheesy Garlic Bread
1014,Gobi Manchurian
1015,Gobi Manchurian
1016,Gobi Manchurian
1017,Punjabi style Aloo Gobi Matar
1018,Aloo Gobi Matar
1019,Mughlai Aloo Matar Gobi
1020,Gobi Paratha
1021,Gobi Paratha
1022,Gobi Paratha
1023,Greek Salad
1024,Chunky Greek Salad
1025,My Favorite Greek Salad
1026,Iced Strawberry Green Tea
1027,Strawberry Green Tea with Boba
1028,Peach Green Tea
1029,Gulab Jamun
1030,Gulab Jamun
1031,GULAB JAMUN
1032,Hashbrowns
1033,Better Than Cracker Barrel’s Hash-brown Casserole
1034,Cheesy Hashbrown Casserole
1035,Hot and Sour Soup
1036,Easy Hot and Sour Soup
1037,Hot and Sour Soup
1038,Cinnamon Ice Cream
1039,Homemade Vanilla Ice Cream
1040,Nutella Ice cream
1041,Idli
1042,Masala Idli
1043,Idli 
1044,Indian Pickle
1045,South Indian Style Lemon Pickle
1046,Indian Lime Pickle
1047,Jalebi
1048,Jalebi
1049,Jalebi
1050,Kachori
1051,Mawa Kachori
1052,Plain Kachori
1053,Kadhai Chicken
1054,Kadhai Chicken
1055,Karahi/ Kadhai Chicken
1056,Kadhai Paneer
1057,Kadhai Paneer
1058,Karahi/Kadhai Paneer
1059,Kaju Katli
1060,Kaju Katli
1061,Kaju Katli
1062,Bitter Gourd Recipe (Karela Sabzi)
1063,Punjabi Bharwan Karela
1064,Bharwa Karela (Stuffed Bitter Gourds)
1065,Kesari Bath
1066,Orange Pudding Cake
1067,Khakhra
1068,Methi Khakhra
1069,Bajra Khakhras
1070,Pressure Cooked 16 Beans Kolhapuri Usal
1071,Authentic Maharashtrian Misal Pav
1072,Pressure Cooked 16 Beans Kolhapuri Usal
1073,Kulcha
1074,KULCHA
1075,Kulcha
1076,Lamb Biriyani
1077,Lamb Biriyani
1078,Wedding Lamb Biriyani
1079,Lamb Burger
1080,Lamb Burger | Bifteki Arniou
1081,Spiced Lamb Pita Burgers
1082,Lemon Cheesecake
1083,Lemon Cheesecake
1084,Lemon Cheesecake
1085,Cornmeal Flatbread / Makki ki Roti
1086,Makki Ki Roti
1087,Makki Di Roti
1088,Quick & Easy Manchow soup
1089,Chicken Manchow Soup
1090,Vegetable Manchow Soup
1091,Pickled Mango
1092,Mango Pickle
1093,Instant Mango Pickle
1094,Paneer Masala Dosa
1095,Paneer Masala Dosa
1096,Soft Masala Dosa With Red Chutney
1097,Masala Papad (Papad Salad)
1098,Masala Papad
1099,Masala Papad (Papad Salad)
1100,MASALA PURI
1101,Methi Moong Masala Puri
1102,Chicken Tikka Masala
1103,Matar Paneer
1104,Matar Paneer
1105,Matar Paneer
1106,Methi Malai Matar
1107,Methi Matar Malai
1108,Methi Matar Malai
1109,Methi Paratha
1110,Methi Paratha Recipe Punjabi
1111,Methi and Palak Paratha
1112,Mexican Burgers
1113,Mexican Avocado Burgers
1114,Mexican Juicy Lucy Burgers
1115,Mexican Rice
1116,Mexican Rice
1117,Mexican Rice
1118,Easy Mixed Vegetable Curry
1119,Paneer Jalfrezi recipe – Indian cottage cheese (paneer) with mixed vegetables and spices
1120,Stuffed Vegetable Kulcha (Mixed Vegetable Stuffed Indian Flat Bread)
1121,Makki Mooli Methi Paratha
1122,Mooli Ka Paratha
1123,Mooli Paratha (Radish/Daikon Paratha)
1124,Motichoor Ladoo
1125,Motichoor Ladoo
1126,Motichoor Ladoo
1127,Mozzarella Sticks
1128,Mozzarella Sticks
1129,Mozzarella Sticks
1130,Portobello Mushroom Burger
1131,Mushroom Burgers
1132,"Mushroom, Onion & Swiss Burger"
1133,Chilli Mushroom
1134,Easy Skillet Chili Mac With Cheese
1135,Mushroom And Black Bean Chilli
1136,Mushroom Arugula Pizza
1137,Caramelized Mushrooms Arugula Pizza
1138,Portobello Mushroom Pizzas
1139,Mutton Biriyani
1140,Spicy Mutton Biriyani
1141,"Thalassery Mutton Dum Biriyani, Malabar Mutton Dum Biriyani"
1142,Mutton Liver Masala (Kalegi Masala)
1143,Loaded Nachos
1144,Lentil Nachos
1145,Lentil Nachos
1146,Neer Dosa
1147,Neer Dosa
1148,Neer Dosa
1149,Overnight Oats
1150,Our Favorite Overnight Oats
1151,Skinny Overnight Oats in a Jar
1152,Gyeran Mari (Korean Rolled Omelette)
1153,Basic Omelette
1154,Omelettes!!
1155,Onion Parathas
1156,Onion Paratha
1157,Aloo Parathas (Indian Potato Flatbread)
1158,Orange Juice
1159,Orange Energizing Juice
1160,Fresh Orange Juice
1161,Cheesy Palak Paneer Paratha
1162,Palak Paratha
1163,Palak Paratha Recipe – How to make Spinach Paratha
1164,Perfect Pancakes
1165,Pancake
1166,Snickerdoodle Pancakes
1167,Paneer Bhurji
1168,Paneer Bhurji
1169,Paneer Bhurji
1170,Paneer Curry Noodles
1171,Singapore Style Noodles With Paneer
1172,Chilli Paneer with Soba Noodles
1173,Paneer Paratha
1174,Paneer Paratha
1175,Paneer Paratha
1176,Puri for Pani Puri
1177,Pani Puri
1178,Pani Puri
1179,'Paniyaram'
1180,Masala Paniyaram
1181,Kuzhi Paniyaram
1182,Masala Papad (Papad Salad)
1183,Masala Papad (Papad Salad)
1184,Masala Papad
1185,Mumbai Pav Bhaji
1186,Jain Pav Bhaji
1187,Pav Bhaji
1188,Broccoli Pesto Pasta
1189,Arugula Pesto Pasta
1190,Creamy Pesto Pasta
1191,Pesto Zucchini Spaghetti
1192,Spaghetti with Homemade Pesto
1193,Pesto Spaghetti
1194,Pizza
1195,Pizza
1196,Meatball Pizza
1197,Poha
1198,Poha
1199,Poha
1200,Poori
1201,Poori
1202,Poori
1203,Popcorn
1204,Spiced Popcorn
1205,Perfect Popcorn
1206,Classic Lasagna
1207,Freezer Lasagna Roll Ups
1208,THE Best Lasagna EVER
1209,Pork Tacos
1210,Pulled Pork Tacos
1211,BBQ Pulled Pork Tacos
1212,Roasted Garlic Mashed Potatoes
1213,Duchess Sweet Potatoes
1214,Indian Rice and Potatoes
1215,Seasoned Potato Wedges
1216,Crispy Potato Wedges
1217,Potato Wedges
1218,Prawns / Shrimp / Chemeen Biriyani
1219,Prawns / Shrimp / Chemeen Biriyani
1220,Prawn Biriyani
1221,Spicy Prawn Soup
1222,Prawn Laksa Soup
1223,Vietnamese Prawn Soup
1224,"Chocolate, Banana & Peanut Butter Protein Shake"
1225,Coffee Lovers Protein Shake
1226,Strawberry Protein Shake
1227,Garlic Pudina paratha
1228,Pudina Paratha
1229,Pudina Lachha Paratha
1230,Puran Poli
1231,Puran Poli
1232,Puran Poli
1233,Healthy Ragi Energy Balls with Strawberry
1234,"Ragi Mudde Recipe, How to make Ragi Mudde or Ragi Balls"
1235,Ragi Or Finger Millet Or Nachani Bhakari
1236,Instant Ragi Dosa
1237,Fermented Ragi Dosa - Finger millet Dosa
1238,"Ragi Idli,dosa"
1239,Ragi Roti
1240,Finger (Ragi) millet roti
1241,Ragi Roti
1242,Rajma Chawal
1243,Rajma Masala | Rajma Chawal
1244,Rajma Chawal Recipe Punjabi
1245,Rasgulas
1246,Rasgula (Indian Milk Balls)
1247,Rava Dosa
1248,Rava Dosa
1249,Crispy Rava Dosa
1250,Rava Idli
1251,Rava Idli
1252,Rava Idli
1253,Nettle Ravioli in Nettle Pasta
1254,Toasted Ravioli
1255,Fried Ravioli
1256,Red Sauce Pasta
1257,Red Brie Pasta Sauce
1258,Improved Red Sauce for Pasta
1259,Red Velvet Cake
1260,Red Velvet Cake
1261,Red Velvet Cake
1262,White Rice (Steamed Rice)
1263,Basic Steamed White Rice
1264,Persian Steamed White Rice - Chelow
1265,RUMALI ROTI
1266,Rumali Roti
1267,Dhaba Mutton Recipe (Spicy Mutton Gravy)
1268,Vermicelli Kheer Recipe | Seviyan | Samiya Payasam
1269,SET DOSA
1270,Multi Millet Set Dosa
1271,Masala Dosa ( Sourdough Crepes)
1272,Sev Puri And Papdi Chat
1273,3-Ingredient Peanut Butter Cookies
1274,Pork Tenderloin with Apple Jicama Slaw
1275,Spinach Sandwich
1276,"Tomato, Hummus, and Spinach Sandwich"
1277,Cheesy Ham and Spinach Sandwiches
1278,Shaved Brussels Sprouts Salad
1279,Brussels Sprouts Salad
1280,Raw Brussels Sprouts Salad
1281,Savory Vegetable Stir-Fry
1282,Vegetable Stir Fry
1283,Stir-fried Vegetables
1284,Strawberry and Cream Milkshake
1285,Strawberry Milkshakes
1286,Strawberry Milkshakes
1287,Easy Stuffed Mushrooms
1288,Stuffed Mushrooms
1289,Sausage Stuffed Mushrooms
1290,Indian Street Food (and Drinks) - Sugarcane Juice
1291,Sugarcane Pongal
1292,Sugarcane Shrimp
1293,Sushi
1294,Sushi
1295,Sushi
1296,Tandoori Roti
1297,Tandoori Roti Without Oven
1298,Mint Coriander Tandoori Roti | VIDEO
1299,Tawa Pulao
1300,Tawa Pulao
1301,Tawa Pulao
1302,Thepla
1303,Thepla
1304,Methi Thepla
1305,Tiramisu
1306,Tiramisu
1307,Tiramisu
1308,The Best Tuna Sandwiches
1309,"Tuna ""Superfood"" Salad Sandwich"
1310,Skinny Tuna Sandwich
1311,Sooji Upma (Indian Semolina Breakfast Dish)
1312,Upma
1313,Vegetable Upma
1314,Andhra Pesarattu Dosa recipe/ Green moong dal dosa/ How to make Pesarattu dosa / Green gram crepe / Green whole gram dosa
1315,Medu Vada
1316,Perfect Medhu Vada
1317,Vada Pav
1318,Vada Pav
1319,VADA PAV
1320,Vada Pav
1321,Vangi Bath | Vangi Bhath | Vangi Bath
1322,Vangi Bhath Recipe - Karnataka Style Vangi Bath
1323,Vangi bath recipe | Spicy eggplant rice
1324,Veg Cheese Burger
1325,Bourbon Burger
1326,Juicy Steakhouse Burgers
1327,Black Bean and Guac Burritos
1328,Shredded Chicken Burritos
1329,Cheeseburger Burritos
1330,Crock Pot Chicken Fajitas
1331,Slow Cooker Chicken Fajitas
1332,Chicken Fajitas
1333,Easy Fried Rice
1334,Veg Fried Rice
1335,The BEST Fried Rice
1336,Classic Italian Lasagna
1337,Classic Lasagna
1338,Lasagna Stuffed Meatloaf
1339,Veg Manchurian Recipe (dry)
1340,Veg Manchurian Dry
1341,Veg Manchurian Dry
1342,Veg Momos
1343,Veg Momos
1344,Veg Momos
1345,Spicy Veg Noodles
1346,Veg Hakka Noodles
1347,Veg Hakka Noodles
1348,How To Make Veg Pizza Puffs
1349,Veg Puff Mummies
1350,"Puff Pastry Pizza, Veg Pizza Puff Pastry"
1351,Best Chicken Quesadilla
1352,Chipotle Chicken Quesadillas
1353,Chicken Quesadillas
1354,Grilled Chicken Sandwich with Avocado and Tomato
1355,Chicken Salad Sandwiches
1356,Philly Cheese Steak Sandwiches
1357,Pork Schnitzel
1358,Pork Schnitzel
1359,Pork Schnitzels
1360,Veg Spring Roll
1361,Veg Spring Rolls
1362,Veg Spring Roll
1363,Hearty Vegetable Stew
1364,Spicy Ethiopian Lentil Stew
1365,The Best Crockpot Beef Stew
1366,#5. Shredded Chicken Tacos
1367,Blood Orange and Tequila Marinated Skirt Steak Tacos with Roasted Pineapple Salsa
1368,Easy Oven Baked Spicy Chicken Tacos
1369,Southwest Hummus Wraps
1370,Chicken Caesar Salad Wraps
1371,Easy Chicken Parmesan Wraps
1372,Waffling
1373,Waffles
1374,Copycat Waffle House Pecan Waffle
1375,Refreshing Watermelon Juice with Grapes
1376,Watermelon Juice
1377,Watermelon Juice
1378,White Sauce for Pasta
1379,White Sauce for Pasta
1380,White Sauce Recipe For Pasta Easily
1381,Rice